date,precipitation,max_temp,min_temp
2010-12-31,5.95,301.39,296.87
2011-01-01,4.37,300.22,297.02
2011-01-02,50.81,298.95,297.32
2011-01-03,5.23,299.15,296.96
2011-01-04,0.05,300.15,296.64
2011-01-05,3.58,300.89,296.77
2011-01-06,4.51,299.65,296.92
2011-01-07,1.02,300.74,296.64
2011-01-08,7.29,301.67,297.22
2011-01-09,3.18,302.21,297.31
2011-01-10,1.72,300.91,297.6
2011-01-11,32.85,300.2,297.28
2011-01-12,2.45,301.38,297.11
2011-01-13,9.9,300.67,297.18
2011-01-14,2.72,302.57,297.3
2011-01-15,12.89,301.96,296.98
2011-01-16,5.2,301.29,297.13
2011-01-17,9.0,299.52,296.67
2011-01-18,2.82,298.45,296.58
2011-01-19,1.06,302.68,296.54
2011-01-20,5.36,302.18,296.95
2011-01-21,1.04,303.27,296.94
2011-01-22,1.76,302.51,297.64
2011-01-23,1.87,302.49,297.63
2011-01-24,2.14,301.66,297.62
2011-01-25,3.57,301.5,297.46
2011-01-26,3.98,301.25,297.32
2011-01-27,19.79,299.82,297.28
2011-01-28,4.76,299.59,297.03
2011-01-29,0.13,301.68,296.64
2011-01-30,0.13,301.08,296.49
2011-01-31,0.13,301.05,296.32
2011-02-01,6.7,298.67,296.37
2011-02-02,8.95,298.28,295.89
2011-02-03,1.87,300.98,296.68
2011-02-04,2.49,302.82,297.23
2011-02-05,0.49,302.65,297.52
2011-02-06,0.9,302.01,297.18
2011-02-07,1.85,302.66,297.26
2011-02-08,1.57,303.18,297.4
2011-02-09,0.93,303.86,296.51
2011-02-10,12.02,304.32,297.6
2011-02-11,6.32,304.11,296.93
2011-02-12,1.47,302.76,297.31
2011-02-13,1.59,301.16,297.4
2011-02-14,1.85,302.29,296.95
2011-02-15,1.36,303.03,296.95
2011-02-16,2.06,302.42,297.48
2011-02-17,0.13,303.22,297.69
2011-02-18,1.65,303.13,297.55
2011-02-19,2.45,302.46,297.21
2011-02-20,1.08,302.35,297.66
2011-02-21,0.32,303.09,297.3
2011-02-22,0.39,302.35,296.92
2011-02-23,0.01,301.77,296.69
2011-02-24,0.02,302.3,296.24
2011-02-25,1.11,301.58,296.49
2011-02-26,0.06,301.99,296.5
2011-02-27,3.39,299.94,296.97
2011-02-28,5.65,300.44,297.27
2011-03-01,4.11,302.48,297.62
2011-03-02,3.79,302.78,296.62
2011-03-03,6.47,301.95,297.23
2011-03-04,4.98,302.77,297.03
2011-03-05,0.93,302.65,296.95
2011-03-06,0.38,303.59,297.3
2011-03-07,1.21,303.99,297.24
2011-03-08,0.87,304.07,297.59
2011-03-09,1.48,303.17,297.35
2011-03-10,2.56,302.59,297.22
2011-03-11,1.34,302.08,297.43
2011-03-12,3.78,301.12,297.37
2011-03-13,1.92,302.62,297.41
2011-03-14,22.28,299.26,297.7
2011-03-15,6.94,301.57,296.82
2011-03-16,2.87,300.97,297.18
2011-03-17,1.52,301.53,297.15
2011-03-18,10.17,300.29,297.36
2011-03-19,11.72,300.32,297.31
2011-03-20,2.82,302.07,297.4
2011-03-21,1.3,302.73,297.53
2011-03-22,1.23,303.87,298.06
2011-03-23,3.77,302.06,297.84
2011-03-24,0.57,302.14,297.33
2011-03-25,3.56,301.49,297.69
2011-03-26,5.52,300.04,297.71
2011-03-27,2.3,301.74,297.58
2011-03-28,1.12,302.65,297.38
2011-03-29,1.57,302.3,297.73
2011-03-30,2.4,302.13,298.06
2011-03-31,3.72,302.7,297.66
2011-04-01,2.59,302.08,297.49
2011-04-02,0.0,303.25,296.17
2011-04-03,0.02,304.19,295.89
2011-04-04,0.02,303.88,296.9
2011-04-05,0.03,302.99,296.85
2011-04-06,0.04,302.23,296.73
2011-04-07,0.0,303.05,296.91
2011-04-08,0.54,302.75,297.01
2011-04-09,0.06,303.38,296.67
2011-04-10,1.31,303.01,297.07
2011-04-11,1.25,302.09,297.23
2011-04-12,2.89,302.69,297.98
2011-04-13,1.19,303.32,297.86
2011-04-14,0.02,303.37,297.57
2011-04-15,0.34,303.2,297.5
2011-04-16,0.74,304.35,298.44
2011-04-17,1.77,304.32,297.59
2011-04-18,0.13,305.04,296.63
2011-04-19,0.2,305.61,296.5
2011-04-20,1.61,303.57,297.66
2011-04-21,1.51,303.55,298.45
2011-04-22,0.18,304.02,298.63
2011-04-23,0.74,304.81,297.61
2011-04-24,4.87,302.83,298.11
2011-04-25,1.92,304.46,298.31
2011-04-26,3.92,304.19,298.13
2011-04-27,0.18,305.2,297.86
2011-04-28,1.25,304.86,298.2
2011-04-29,2.17,303.38,298.74
2011-04-30,1.05,304.0,299.19
2011-05-01,0.93,303.93,298.64
2011-05-02,1.67,304.22,298.8
2011-05-03,4.11,304.38,298.9
2011-05-04,7.11,302.94,298.67
2011-05-05,6.0,303.44,298.21
2011-05-06,0.57,302.61,297.68
2011-05-07,11.67,301.1,298.17
2011-05-08,17.11,299.9,297.4
2011-05-09,23.47,300.57,297.38
2011-05-10,3.28,303.13,298.46
2011-05-11,9.76,302.68,297.7
2011-05-12,2.33,304.15,297.5
2011-05-13,1.18,305.72,298.07
2011-05-14,0.83,304.44,298.57
2011-05-15,1.02,304.56,298.91
2011-05-16,1.6,303.46,298.68
2011-05-17,3.25,304.92,298.44
2011-05-18,4.15,303.75,297.64
2011-05-19,3.66,303.85,298.51
2011-05-20,5.43,304.5,298.24
2011-05-21,5.03,304.72,298.5
2011-05-22,6.7,304.58,297.99
2011-05-23,19.66,303.99,298.29
2011-05-24,10.69,303.81,298.08
2011-05-25,7.68,303.62,298.16
2011-05-26,10.88,301.66,298.48
2011-05-27,21.55,300.2,298.51
2011-05-28,52.36,301.58,298.16
2011-05-29,10.81,302.21,297.98
2011-05-30,1.42,303.44,298.18
2011-05-31,1.31,304.55,298.37
2011-06-01,10.57,303.78,298.0
2011-06-02,1.62,304.95,297.49
2011-06-03,23.61,302.68,297.93
2011-06-04,1.95,304.96,298.13
2011-06-05,3.19,305.57,298.75
2011-06-06,1.64,304.47,298.64
2011-06-07,27.56,302.41,298.73
2011-06-08,37.65,300.89,298.11
2011-06-09,6.75,301.27,298.36
2011-06-10,1.88,303.34,297.93
2011-06-11,4.62,304.27,297.49
2011-06-12,5.72,303.73,298.59
2011-06-13,12.57,302.23,298.38
2011-06-14,8.31,303.33,298.26
2011-06-15,8.42,302.54,298.06
2011-06-16,11.89,302.68,298.18
2011-06-17,9.96,302.07,297.93
2011-06-18,19.73,301.0,297.69
2011-06-19,17.7,301.54,297.78
2011-06-20,7.24,302.61,298.31
2011-06-21,5.93,303.01,298.71
2011-06-22,7.45,302.56,297.87
2011-06-23,8.52,300.57,298.52
2011-06-24,6.49,301.61,298.32
2011-06-25,1.43,304.03,299.15
2011-06-26,1.52,304.93,297.77
2011-06-27,3.56,304.57,297.93
2011-06-28,1.2,304.52,296.82
2011-06-29,12.03,304.12,297.66
2011-06-30,17.0,303.4,297.06
2011-07-01,10.18,302.58,297.38
2011-07-02,9.84,303.4,298.21
2011-07-03,12.26,302.65,297.5
2011-07-04,14.39,302.86,297.37
2011-07-05,32.93,300.78,297.61
2011-07-06,19.28,300.71,297.85
2011-07-07,8.01,301.7,298.09
2011-07-08,4.65,302.34,297.52
2011-07-09,7.35,302.91,298.59
2011-07-10,3.74,302.02,297.83
2011-07-11,6.32,302.55,298.35
2011-07-12,0.79,304.01,297.75
2011-07-13,1.98,303.79,297.01
2011-07-14,1.19,303.73,297.15
2011-07-15,1.87,305.06,297.18
2011-07-16,1.76,305.16,297.46
2011-07-17,0.65,304.99,297.69
2011-07-18,3.12,303.96,298.27
2011-07-19,3.73,303.83,298.53
2011-07-20,6.25,303.31,298.69
2011-07-21,8.26,302.05,297.88
2011-07-22,97.59,300.06,297.57
2011-07-23,22.8,302.24,297.8
2011-07-24,12.7,301.17,297.52
2011-07-25,5.86,302.27,297.33
2011-07-26,32.28,300.31,297.24
2011-07-27,27.43,300.69,297.67
2011-07-28,45.58,300.77,298.0
2011-07-29,12.74,302.95,298.11
2011-07-30,4.08,303.01,297.96
2011-07-31,13.42,301.29,298.36
2011-08-01,8.94,303.34,298.3
2011-08-02,7.92,302.86,298.23
2011-08-03,6.26,303.13,298.42
2011-08-04,9.99,302.96,298.38
2011-08-05,18.52,302.36,298.03
2011-08-06,25.25,301.53,297.89
2011-08-07,5.27,302.16,298.0
2011-08-08,6.07,303.36,298.99
2011-08-09,7.43,304.31,298.11
2011-08-10,19.26,302.67,297.72
2011-08-11,15.23,301.86,298.13
2011-08-12,6.61,303.66,297.11
2011-08-13,13.05,302.9,297.88
2011-08-14,3.56,302.71,297.7
2011-08-15,0.86,303.64,296.7
2011-08-16,9.33,302.82,297.37
2011-08-17,11.48,302.36,297.8
2011-08-18,4.42,303.2,297.74
2011-08-19,6.6,302.34,297.89
2011-08-20,19.25,302.32,298.09
2011-08-21,13.44,302.5,298.16
2011-08-22,18.73,301.46,298.02
2011-08-23,14.14,302.26,298.21
2011-08-24,11.49,302.21,298.27
2011-08-25,16.89,300.25,298.52
2011-08-26,18.72,300.68,298.38
2011-08-27,25.84,301.56,297.99
2011-08-28,1.84,303.7,298.58
2011-08-29,1.9,303.9,298.48
2011-08-30,3.22,303.62,299.3
2011-08-31,7.26,303.64,297.69
2011-09-01,8.95,303.19,298.03
2011-09-02,7.12,304.48,298.32
2011-09-03,8.39,303.68,297.98
2011-09-04,8.32,303.97,298.49
2011-09-05,8.82,302.27,298.06
2011-09-06,3.46,304.15,298.44
2011-09-07,13.34,302.85,298.27
2011-09-08,21.5,301.13,298.17
2011-09-09,20.15,300.98,298.02
2011-09-10,20.52,300.83,297.54
2011-09-11,1.03,303.36,297.5
2011-09-12,3.86,304.44,296.89
2011-09-13,4.83,303.99,297.4
2011-09-14,9.51,304.06,298.4
2011-09-15,11.63,303.92,298.67
2011-09-16,4.78,303.66,298.52
2011-09-17,6.85,303.12,298.34
2011-09-18,3.24,303.44,297.82
2011-09-19,6.86,303.51,298.49
2011-09-20,6.22,303.51,297.62
2011-09-21,3.08,303.5,297.85
2011-09-22,14.67,302.48,298.02
2011-09-23,27.74,301.86,297.7
2011-09-24,3.41,303.64,298.01
2011-09-25,0.9,303.16,298.01
2011-09-26,27.57,300.41,298.45
2011-09-27,38.39,300.65,298.28
2011-09-28,23.63,302.28,297.9
2011-09-29,2.23,304.55,297.62
2011-09-30,1.98,305.13,297.88
2011-10-01,5.04,304.0,298.38
2011-10-02,8.44,302.14,297.99
2011-10-03,18.4,302.26,298.22
2011-10-04,6.52,302.77,298.1
2011-10-05,5.78,303.93,296.69
2011-10-06,9.91,303.7,298.06
2011-10-07,25.85,302.39,298.39
2011-10-08,94.61,301.0,298.0
2011-10-09,10.61,302.1,297.51
2011-10-10,12.98,303.96,298.14
2011-10-11,7.58,300.9,297.06
2011-10-12,155.25,299.69,297.96
2011-10-13,6.87,301.69,297.64
2011-10-14,4.01,303.2,297.62
2011-10-15,9.91,303.07,297.13
2011-10-16,0.41,304.96,296.82
2011-10-17,1.25,304.84,297.6
2011-10-18,0.27,304.68,297.83
2011-10-19,6.2,304.12,297.71
2011-10-20,5.45,303.76,297.64
2011-10-21,3.17,304.48,297.69
2011-10-22,3.32,303.73,297.46
2011-10-23,0.61,303.8,298.13
2011-10-24,1.95,303.44,297.86
2011-10-25,1.14,303.66,297.61
2011-10-26,0.12,304.6,297.86
2011-10-27,0.89,304.83,298.31
2011-10-28,1.47,304.42,298.13
2011-10-29,1.34,303.69,298.68
2011-10-30,1.42,305.11,297.71
2011-10-31,2.76,304.3,298.08
2011-11-01,5.11,303.1,298.35
2011-11-02,12.41,301.64,298.19
2011-11-03,7.36,302.62,297.41
2011-11-04,4.91,302.29,297.97
2011-11-05,4.61,303.69,297.01
2011-11-06,4.85,303.48,297.71
2011-11-07,15.57,302.32,297.78
2011-11-08,8.6,303.0,297.85
2011-11-09,0.43,304.53,296.83
2011-11-10,2.58,303.54,297.06
2011-11-11,3.23,304.05,297.22
2011-11-12,0.54,304.75,298.05
2011-11-13,0.23,303.93,298.25
2011-11-14,7.93,301.2,298.09
2011-11-15,21.43,301.51,297.19
2011-11-16,1.87,304.38,297.14
2011-11-17,1.42,303.56,297.51
2011-11-18,0.34,303.99,298.38
2011-11-19,0.68,303.79,298.38
2011-11-20,2.96,302.24,298.35
2011-11-21,4.46,302.15,298.52
2011-11-22,2.51,302.81,297.68
2011-11-23,2.31,303.32,297.95
2011-11-24,2.33,302.74,298.47
2011-11-25,3.5,302.32,298.27
2011-11-26,2.44,302.6,297.87
2011-11-27,1.33,304.27,297.85
2011-11-28,2.2,304.02,298.51
2011-11-29,1.49,304.02,298.31
2011-11-30,1.69,303.36,298.13
2011-12-01,2.73,303.01,298.21
2011-12-02,3.16,303.96,297.65
2011-12-03,5.39,304.29,297.46
2011-12-04,6.69,301.81,298.23
2011-12-05,5.32,301.05,297.17
2011-12-06,4.9,302.18,297.92
2011-12-07,3.22,301.42,297.76
2011-12-08,21.5,300.94,297.89
2011-12-09,20.37,299.54,297.64
2011-12-10,1.3,302.33,297.54
2011-12-11,0.17,304.2,296.91
2011-12-12,1.16,304.21,297.92
2011-12-13,1.96,303.31,297.74
2011-12-14,0.76,303.99,297.81
2011-12-15,1.53,303.22,298.12
2011-12-16,3.38,302.04,298.41
2011-12-17,30.24,300.58,297.84
2011-12-18,3.95,302.65,297.88
2011-12-19,0.23,303.84,297.98
2011-12-20,0.2,303.77,298.18
2011-12-21,0.95,302.59,298.43
2011-12-22,0.04,303.69,297.56
2011-12-23,0.39,303.5,297.63
2011-12-24,3.19,302.79,297.85
2011-12-25,3.56,301.55,297.76
2011-12-26,12.58,300.94,298.35
2011-12-27,4.38,300.07,297.92
2011-12-28,0.06,302.81,297.3
2011-12-29,0.17,303.16,297.63
2011-12-30,0.6,302.92,298.02
2011-12-31,1.78,301.9,298.04
2012-01-01,1.71,302.49,297.76
2012-01-02,1.79,302.35,297.88
2012-01-03,0.96,302.8,297.5
2012-01-04,1.82,302.77,297.55
2012-01-05,4.21,300.7,298.06
2012-01-06,1.83,302.38,298.17
2012-01-07,2.15,302.92,297.98
2012-01-08,2.89,302.16,298.12
2012-01-09,2.07,302.34,298.17
2012-01-10,2.11,302.1,297.99
2012-01-11,1.89,301.69,298.02
2012-01-12,2.53,301.12,297.98
2012-01-13,1.91,301.42,297.87
2012-01-14,0.1,302.83,297.68
2012-01-15,3.71,302.02,297.35
2012-01-16,3.99,302.24,296.82
2012-01-17,2.66,303.34,297.74
2012-01-18,2.75,302.44,297.9
2012-01-19,0.04,304.52,297.54
2012-01-20,2.12,303.19,297.38
2012-01-21,1.06,302.05,297.37
2012-01-22,0.46,302.56,297.05
2012-01-23,0.0,303.31,296.46
2012-01-24,0.05,303.01,297.4
2012-01-25,1.42,302.3,297.44
2012-01-26,3.01,301.67,297.52
2012-01-27,2.01,301.24,297.65
2012-01-28,2.71,303.29,297.76
2012-01-29,4.97,304.43,297.62
2012-01-30,1.45,303.18,297.18
2012-01-31,0.0,303.79,297.37
2012-02-01,0.63,302.62,297.15
2012-02-02,1.35,302.07,297.23
2012-02-03,1.19,301.76,297.53
2012-02-04,0.01,302.15,296.86
2012-02-05,2.1,301.49,296.86
2012-02-06,19.48,299.0,297.14
2012-02-07,3.45,301.85,296.78
2012-02-08,1.66,301.68,297.39
2012-02-09,2.58,300.51,297.68
2012-02-10,1.14,303.01,297.82
2012-02-11,15.08,299.82,297.15
2012-02-12,18.54,298.91,296.08
2012-02-13,2.53,302.41,297.6
2012-02-14,3.65,301.93,297.6
2012-02-15,3.4,301.54,297.37
2012-02-16,12.15,300.59,297.48
2012-02-17,11.32,301.79,297.73
2012-02-18,6.06,302.75,297.37
2012-02-19,1.9,302.87,297.4
2012-02-20,5.6,302.55,297.02
2012-02-21,4.24,303.44,297.21
2012-02-22,1.82,303.09,297.77
2012-02-23,0.01,304.03,297.49
2012-02-24,0.0,303.97,296.95
2012-02-25,0.01,304.25,297.27
2012-02-26,1.85,303.6,298.17
2012-02-27,1.47,303.02,298.16
2012-02-28,1.56,303.19,297.91
2012-02-29,0.06,303.92,298.0
2012-03-01,0.28,304.05,297.8
2012-03-02,1.37,303.56,298.25
2012-03-03,1.91,302.54,298.2
2012-03-04,1.51,302.19,297.69
2012-03-05,1.29,303.04,297.52
2012-03-06,0.44,304.4,297.91
2012-03-07,0.98,304.18,297.99
2012-03-08,0.0,304.16,297.06
2012-03-09,0.03,303.91,297.15
2012-03-10,0.39,303.49,297.37
2012-03-11,3.3,302.52,297.93
2012-03-12,0.05,302.9,297.25
2012-03-13,0.16,303.94,297.3
2012-03-14,2.04,303.78,298.12
2012-03-15,0.04,304.5,297.93
2012-03-16,0.8,303.73,297.9
2012-03-17,0.72,303.22,297.51
2012-03-18,4.37,302.83,297.77
2012-03-19,15.6,300.35,297.84
2012-03-20,14.06,300.42,297.96
2012-03-21,11.05,303.15,297.82
2012-03-22,20.98,303.28,297.78
2012-03-23,9.24,302.64,297.61
2012-03-24,8.28,303.32,297.38
2012-03-25,12.42,302.6,298.0
2012-03-26,4.18,302.91,298.13
2012-03-27,6.01,302.14,297.44
2012-03-28,10.25,301.56,297.46
2012-03-29,1.72,303.04,297.78
2012-03-30,1.87,305.14,297.4
2012-03-31,3.35,303.82,297.28
2012-04-01,1.2,304.64,297.79
2012-04-02,2.25,303.48,297.6
2012-04-03,0.91,304.09,298.32
2012-04-04,0.63,304.13,298.15
2012-04-05,0.12,304.53,297.77
2012-04-06,0.82,304.29,297.91
2012-04-07,0.81,304.47,297.89
2012-04-08,2.16,303.97,298.13
2012-04-09,2.53,302.75,298.5
2012-04-10,1.44,302.61,297.82
2012-04-11,0.39,304.21,297.89
2012-04-12,0.36,305.5,297.68
2012-04-13,0.51,305.12,297.96
2012-04-14,0.93,304.0,298.21
2012-04-15,0.62,305.03,298.24
2012-04-16,1.03,304.74,297.94
2012-04-17,0.39,305.04,297.83
2012-04-18,0.0,305.32,296.93
2012-04-19,0.03,304.6,297.03
2012-04-20,0.04,305.65,297.89
2012-04-21,5.94,304.66,297.79
2012-04-22,4.52,303.95,298.61
2012-04-23,7.0,302.98,298.74
2012-04-24,3.5,304.44,297.84
2012-04-25,0.13,305.81,298.22
2012-04-26,1.55,304.11,297.81
2012-04-27,1.04,304.99,297.93
2012-04-28,2.31,304.93,298.3
2012-04-29,0.75,305.69,298.5
2012-04-30,2.69,305.23,299.08
2012-05-01,9.85,303.55,299.02
2012-05-02,3.29,304.58,298.33
2012-05-03,2.8,304.81,299.23
2012-05-04,1.6,305.26,298.11
2012-05-05,2.42,305.25,297.75
2012-05-06,1.51,305.56,298.01
2012-05-07,0.26,306.31,297.95
2012-05-08,0.6,306.45,297.26
2012-05-09,3.66,305.69,299.48
2012-05-10,11.18,303.87,298.5
2012-05-11,13.76,302.24,298.0
2012-05-12,7.27,303.08,298.15
2012-05-13,12.53,302.31,298.65
2012-05-14,6.44,303.33,298.0
2012-05-15,2.86,305.04,297.86
2012-05-16,6.37,303.5,298.45
2012-05-17,1.18,304.76,297.99
2012-05-18,8.04,304.44,298.16
2012-05-19,3.91,306.09,298.69
2012-05-20,2.28,304.76,297.76
2012-05-21,6.67,304.66,298.89
2012-05-22,12.82,304.84,298.45
2012-05-23,6.93,304.02,298.14
2012-05-24,11.71,303.67,298.27
2012-05-25,3.68,304.27,298.57
2012-05-26,4.9,304.46,298.51
2012-05-27,0.65,305.49,297.18
2012-05-28,4.98,304.56,298.4
2012-05-29,9.23,303.76,298.19
2012-05-30,14.68,302.39,298.31
2012-05-31,22.45,302.12,298.68
2012-06-01,23.45,301.6,298.57
2012-06-02,21.4,301.33,298.88
2012-06-03,23.26,302.94,298.6
2012-06-04,9.54,302.42,299.01
2012-06-05,12.99,302.44,298.45
2012-06-06,7.41,302.19,298.72
2012-06-07,9.26,302.87,298.31
2012-06-08,6.3,304.02,298.19
2012-06-09,4.68,305.08,297.54
2012-06-10,6.45,303.83,298.74
2012-06-11,1.65,304.83,298.04
2012-06-12,8.95,303.98,298.33
2012-06-13,10.64,302.39,298.32
2012-06-14,2.48,304.02,298.09
2012-06-15,12.79,303.06,297.97
2012-06-16,14.88,300.91,298.07
2012-06-17,7.66,302.33,298.25
2012-06-18,3.74,304.42,298.28
2012-06-19,1.32,304.02,298.94
2012-06-20,0.28,304.74,298.44
2012-06-21,1.06,304.89,298.11
2012-06-22,4.95,304.46,298.05
2012-06-23,12.18,303.45,297.66
2012-06-24,8.32,303.55,297.8
2012-06-25,11.29,301.73,297.86
2012-06-26,29.3,302.13,297.95
2012-06-27,14.5,302.94,297.69
2012-06-28,10.63,302.77,297.73
2012-06-29,16.04,300.98,297.69
2012-06-30,1.12,302.67,298.01
2012-07-01,1.67,304.4,296.77
2012-07-02,24.66,301.52,297.93
2012-07-03,7.82,300.97,297.58
2012-07-04,6.36,301.68,297.78
2012-07-05,3.41,302.68,297.61
2012-07-06,16.11,302.28,297.75
2012-07-07,2.95,302.68,297.36
2012-07-08,14.3,302.53,297.94
2012-07-09,9.23,302.77,297.84
2012-07-10,7.6,302.24,298.14
2012-07-11,4.01,302.73,298.19
2012-07-12,20.36,303.9,297.81
2012-07-13,6.9,303.83,297.6
2012-07-14,13.22,302.58,298.16
2012-07-15,7.76,303.49,297.93
2012-07-16,0.57,303.89,297.95
2012-07-17,7.79,303.67,298.15
2012-07-18,5.19,302.86,298.23
2012-07-19,11.52,301.62,298.18
2012-07-20,26.6,301.5,298.23
2012-07-21,16.68,300.48,297.91
2012-07-22,14.45,302.38,298.35
2012-07-23,9.09,303.22,298.5
2012-07-24,7.5,303.05,298.6
2012-07-25,9.48,303.29,298.24
2012-07-26,7.46,301.81,298.23
2012-07-27,20.81,300.85,298.31
2012-07-28,59.02,299.42,297.74
2012-07-29,19.12,300.16,298.0
2012-07-30,21.75,301.25,298.3
2012-07-31,16.15,301.96,298.22
2012-08-01,9.77,302.42,298.0
2012-08-02,17.63,302.53,297.65
2012-08-03,6.81,302.91,298.19
2012-08-04,8.42,301.65,298.96
2012-08-05,7.68,302.41,298.61
2012-08-06,10.62,300.69,298.1
2012-08-07,4.36,302.74,298.29
2012-08-08,4.19,302.66,298.38
2012-08-09,2.58,303.6,298.06
2012-08-10,4.16,303.3,298.01
2012-08-11,4.05,303.91,297.45
2012-08-12,3.33,303.05,297.42
2012-08-13,0.39,304.13,297.61
2012-08-14,6.25,302.0,298.23
2012-08-15,9.98,300.61,298.16
2012-08-16,4.84,303.3,297.79
2012-08-17,0.74,304.75,297.2
2012-08-18,2.75,304.07,297.0
2012-08-19,5.12,304.3,297.5
2012-08-20,3.54,303.62,297.91
2012-08-21,6.12,303.05,297.5
2012-08-22,7.9,302.86,297.84
2012-08-23,11.78,302.61,298.16
2012-08-24,7.96,303.4,298.32
2012-08-25,8.0,303.33,298.33
2012-08-26,7.08,303.44,298.04
2012-08-27,7.91,303.1,298.67
2012-08-28,4.77,303.06,297.73
2012-08-29,7.48,303.12,297.92
2012-08-30,8.34,304.42,297.33
2012-08-31,11.03,303.3,297.47
2012-09-01,23.64,301.98,297.86
2012-09-02,13.59,301.14,297.51
2012-09-03,5.81,303.63,297.51
2012-09-04,18.11,301.82,297.87
2012-09-05,6.73,303.16,297.85
2012-09-06,2.04,304.46,296.96
2012-09-07,12.16,303.33,297.26
2012-09-08,14.76,302.88,297.91
2012-09-09,45.7,301.01,297.58
2012-09-10,16.57,301.28,297.96
2012-09-11,9.28,302.68,297.71
2012-09-12,14.18,302.73,297.42
2012-09-13,31.16,301.05,298.11
2012-09-14,8.58,302.02,297.81
2012-09-15,9.13,302.33,297.89
2012-09-16,6.65,303.1,298.4
2012-09-17,6.41,302.92,298.61
2012-09-18,10.29,302.77,297.99
2012-09-19,15.69,301.76,297.61
2012-09-20,6.87,300.58,297.41
2012-09-21,18.84,302.41,296.84
2012-09-22,11.31,301.99,297.34
2012-09-23,2.31,302.53,297.71
2012-09-24,4.37,302.28,297.99
2012-09-25,12.87,301.16,298.01
2012-09-26,6.74,302.3,298.28
2012-09-27,9.57,301.95,298.48
2012-09-28,16.79,301.98,298.28
2012-09-29,1.42,304.24,297.97
2012-09-30,10.11,304.22,297.9
2012-10-01,5.89,302.65,298.22
2012-10-02,12.63,302.14,298.29
2012-10-03,24.49,301.4,298.28
2012-10-04,49.56,300.29,298.01
2012-10-05,49.2,300.93,297.84
2012-10-06,23.67,300.94,297.44
2012-10-07,14.68,302.23,296.87
2012-10-08,9.11,303.38,296.56
2012-10-09,6.19,303.0,296.69
2012-10-10,6.6,302.56,296.94
2012-10-11,0.65,303.51,297.8
2012-10-12,4.16,302.74,297.49
2012-10-13,2.78,302.7,297.74
2012-10-14,4.91,303.67,297.34
2012-10-15,5.32,303.73,297.4
2012-10-16,4.32,304.18,296.99
2012-10-17,0.93,304.26,296.44
2012-10-18,7.42,303.88,297.39
2012-10-19,1.38,304.03,298.06
2012-10-20,3.02,302.83,298.32
2012-10-21,2.41,302.47,298.3
2012-10-22,2.58,302.46,298.19
2012-10-23,3.6,302.84,298.09
2012-10-24,7.05,300.67,297.96
2012-10-25,46.9,299.26,297.8
2012-10-26,2.99,303.13,297.65
2012-10-27,1.92,302.97,297.83
2012-10-28,0.51,302.72,297.45
2012-10-29,1.07,304.18,297.72
2012-10-30,0.06,303.95,297.79
2012-10-31,0.08,304.6,297.86
2012-11-01,0.47,304.25,297.69
2012-11-02,1.49,303.94,298.16
2012-11-03,1.12,303.51,298.06
2012-11-04,0.05,304.44,297.84
2012-11-05,1.57,303.44,297.64
2012-11-06,1.28,303.78,297.71
2012-11-07,0.56,304.3,297.71
2012-11-08,3.53,301.36,298.26
2012-11-09,0.37,304.67,298.15
2012-11-10,0.21,304.87,298.15
2012-11-11,8.46,301.53,298.27
2012-11-12,11.17,300.1,297.96
2012-11-13,2.77,303.81,297.88
2012-11-14,0.78,303.69,298.05
2012-11-15,3.03,303.58,298.29
2012-11-16,1.04,303.7,298.16
2012-11-17,0.14,304.07,297.37
2012-11-18,1.06,303.93,297.79
2012-11-19,0.88,303.82,297.95
2012-11-20,7.82,301.65,298.21
2012-11-21,1.33,303.11,298.18
2012-11-22,0.38,304.05,297.8
2012-11-23,0.04,304.09,297.71
2012-11-24,0.77,303.34,297.91
2012-11-25,0.75,304.0,298.44
2012-11-26,0.13,303.86,298.37
2012-11-27,0.07,304.3,297.54
2012-11-28,0.04,304.15,297.84
2012-11-29,0.03,303.27,297.68
2012-11-30,0.0,303.69,297.07
2012-12-01,0.0,303.35,296.55
2012-12-02,0.0,304.63,296.96
2012-12-03,0.04,304.57,297.56
2012-12-04,31.36,300.66,297.88
2012-12-05,7.19,303.02,298.16
2012-12-06,1.08,304.44,297.66
2012-12-07,1.23,303.65,297.58
2012-12-08,0.92,303.45,296.93
2012-12-09,10.5,303.29,297.58
2012-12-10,2.01,304.42,297.02
2012-12-11,0.72,303.03,297.02
2012-12-12,0.9,303.32,298.06
2012-12-13,2.97,301.91,298.37
2012-12-14,2.04,303.06,297.95
2012-12-15,0.34,303.41,297.9
2012-12-16,0.07,304.53,297.57
2012-12-17,0.95,303.75,298.11
2012-12-18,0.15,303.04,298.13
2012-12-19,3.03,302.4,298.36
2012-12-20,2.89,302.57,297.83
2012-12-21,1.8,303.05,297.76
2012-12-22,0.03,303.2,298.21
2012-12-23,0.03,302.42,296.87
2012-12-24,1.63,301.65,297.24
2012-12-25,2.2,301.17,297.26
2012-12-26,43.33,300.04,297.89
2012-12-27,0.7,302.95,297.08
2012-12-28,0.22,304.22,297.61
2012-12-29,0.3,303.8,297.98
2012-12-30,0.98,303.06,298.22
2012-12-31,1.32,301.98,298.18
2013-01-01,0.47,303.06,297.68
2013-01-02,3.72,303.14,297.78
2013-01-03,12.04,300.99,298.43
2013-01-04,10.57,302.75,297.96
2013-01-05,0.22,303.65,298.29
2013-01-06,1.73,302.46,297.73
2013-01-07,0.24,302.73,297.54
2013-01-08,1.98,301.8,297.76
2013-01-09,1.23,302.35,297.41
2013-01-10,6.65,300.84,297.85
2013-01-11,25.91,300.33,296.96
2013-01-12,1.75,302.7,296.78
2013-01-13,11.26,302.34,297.27
2013-01-14,5.66,303.03,297.6
2013-01-15,6.66,299.45,297.36
2013-01-16,0.0,300.16,296.88
2013-01-17,0.0,301.82,296.69
2013-01-18,2.68,300.22,297.13
2013-01-19,0.0,300.58,297.12
2013-01-20,0.0,301.41,296.6
2013-01-21,0.0,301.83,295.84
2013-01-22,0.0,302.21,296.46
2013-01-23,0.0,301.32,296.52
2013-01-24,2.47,299.64,296.29
2013-01-25,21.92,298.29,296.75
2013-01-26,0.34,302.6,297.18
2013-01-27,1.54,301.6,296.64
2013-01-28,0.0,303.08,297.04
2013-01-29,0.81,302.13,297.4
2013-01-30,10.42,300.94,296.49
2013-01-31,5.36,302.21,296.54
2013-02-01,1.32,302.9,296.85
2013-02-02,3.15,302.67,297.44
2013-02-03,0.74,302.05,297.84
2013-02-04,0.96,302.86,297.08
2013-02-05,1.04,302.33,297.63
2013-02-06,0.11,303.89,297.59
2013-02-07,0.56,303.18,297.96
2013-02-08,0.22,303.16,297.58
2013-02-09,1.01,301.59,296.94
2013-02-10,0.32,302.8,297.09
2013-02-11,0.63,301.67,297.76
2013-02-12,0.69,303.46,297.34
2013-02-13,0.12,302.92,297.57
2013-02-14,1.89,303.66,297.87
2013-02-15,0.85,302.61,297.86
2013-02-16,0.0,302.93,296.9
2013-02-17,0.0,302.51,297.36
2013-02-18,0.32,302.46,296.93
2013-02-19,74.46,299.3,297.58
2013-02-20,21.16,300.17,298.05
2013-02-21,5.31,302.21,297.97
2013-02-22,3.25,302.59,297.41
2013-02-23,0.83,303.22,297.8
2013-02-24,2.58,302.57,298.08
2013-02-25,0.22,302.72,297.97
2013-02-26,0.7,302.71,297.92
2013-02-27,0.0,303.5,297.8
2013-02-28,0.0,303.36,297.58
2013-03-01,0.0,303.47,296.56
2013-03-02,0.0,304.38,297.46
2013-03-03,0.0,303.68,297.5
2013-03-04,0.0,303.12,297.56
2013-03-05,1.97,302.06,297.41
2013-03-06,0.0,303.46,297.07
2013-03-07,0.0,304.13,297.27
2013-03-08,0.0,302.11,297.57
2013-03-09,2.36,301.46,297.78
2013-03-10,0.72,303.66,297.95
2013-03-11,0.0,304.88,297.89
2013-03-12,0.6,304.43,298.0
2013-03-13,0.11,304.9,297.7
2013-03-14,0.0,304.6,297.25
2013-03-15,0.0,304.54,297.3
2013-03-16,0.0,304.27,297.26
2013-03-17,0.0,304.63,297.46
2013-03-18,0.64,305.36,297.28
2013-03-19,0.52,304.68,297.93
2013-03-20,0.0,304.84,297.82
2013-03-21,1.34,303.19,298.07
2013-03-22,0.14,304.65,298.41
2013-03-23,1.45,304.25,298.64
2013-03-24,0.16,305.71,298.02
2013-03-25,2.51,304.54,297.98
2013-03-26,0.1,305.26,298.41
2013-03-27,3.03,303.96,298.51
2013-03-28,0.32,305.33,298.35
2013-03-29,0.0,305.52,298.02
2013-03-30,0.36,305.31,298.53
2013-03-31,0.99,304.43,298.44
2013-04-01,0.93,305.76,298.35
2013-04-02,0.0,305.7,298.6
2013-04-03,0.0,306.25,297.79
2013-04-04,2.28,305.27,298.65
2013-04-05,1.14,305.84,298.41
2013-04-06,2.84,305.94,299.09
2013-04-07,7.44,304.92,299.04
2013-04-08,0.58,306.86,298.97
2013-04-09,0.0,306.24,298.67
2013-04-10,0.23,305.71,298.71
2013-04-11,0.0,306.04,298.53
2013-04-12,0.0,306.38,298.62
2013-04-13,0.64,305.43,298.63
2013-04-14,0.11,305.76,298.3
2013-04-15,0.72,307.05,298.07
2013-04-16,0.51,306.66,298.15
2013-04-17,1.16,306.95,298.85
2013-04-18,0.0,306.88,298.15
2013-04-19,0.94,307.12,298.34
2013-04-20,14.53,305.7,298.96
2013-04-21,1.99,304.72,298.67
2013-04-22,0.0,306.64,298.34
2013-04-23,0.0,306.97,298.94
2013-04-24,0.0,307.27,299.02
2013-04-25,0.0,307.24,298.65
2013-04-26,3.19,305.99,299.16
2013-04-27,8.6,306.69,298.15
2013-04-28,0.0,306.58,298.22
2013-04-29,0.0,307.1,298.42
2013-04-30,0.0,307.12,298.42
2013-05-01,0.33,306.96,298.1
2013-05-02,0.75,306.51,298.7
2013-05-03,0.74,306.92,298.6
2013-05-04,0.14,307.47,298.85
2013-05-05,0.0,307.24,299.26
2013-05-06,0.0,307.97,299.54
2013-05-07,5.23,307.31,299.94
2013-05-08,3.06,306.82,299.39
2013-05-09,4.03,303.8,299.37
2013-05-10,2.37,305.68,298.75
2013-05-11,4.98,305.24,299.33
2013-05-12,9.14,304.48,298.23
2013-05-13,18.94,303.06,298.3
2013-05-14,5.77,304.18,298.56
2013-05-15,2.66,304.33,298.11
2013-05-16,3.23,305.13,298.83
2013-05-17,2.4,305.49,298.45
2013-05-18,1.27,305.21,298.88
2013-05-19,1.63,305.23,298.41
2013-05-20,11.16,303.23,298.75
2013-05-21,2.91,304.4,298.31
2013-05-22,0.28,306.45,298.4
2013-05-23,0.72,306.1,299.17
2013-05-24,8.52,305.39,298.36
2013-05-25,1.1,306.03,297.8
2013-05-26,0.41,305.93,298.71
2013-05-27,0.23,306.14,298.45
2013-05-28,3.89,304.57,298.74
2013-05-29,5.4,304.96,299.02
2013-05-30,3.58,303.85,298.52
2013-05-31,9.78,303.7,298.12
2013-06-01,2.65,305.55,298.06
2013-06-02,3.82,305.55,297.96
2013-06-03,1.88,305.02,298.04
2013-06-04,2.73,305.89,298.41
2013-06-05,5.66,304.41,298.47
2013-06-06,2.17,305.21,298.62
2013-06-07,29.0,304.59,298.8
2013-06-08,26.79,301.61,298.47
2013-06-09,16.02,303.88,298.67
2013-06-10,14.0,303.22,298.63
2013-06-11,12.43,302.95,298.76
2013-06-12,21.68,303.01,298.52
2013-06-13,28.44,300.98,298.27
2013-06-14,5.92,303.9,298.12
2013-06-15,12.46,301.92,298.52
2013-06-16,18.79,302.91,298.29
2013-06-17,27.31,301.37,298.17
2013-06-18,9.45,302.7,298.52
2013-06-19,13.92,303.02,298.63
2013-06-20,11.75,303.71,298.82
2013-06-21,10.35,303.9,298.48
2013-06-22,3.64,302.76,297.84
2013-06-23,2.17,304.67,297.37
2013-06-24,0.91,305.12,297.93
2013-06-25,0.99,304.33,298.43
2013-06-26,11.06,302.69,298.55
2013-06-27,7.47,303.09,297.8
2013-06-28,9.38,302.13,298.08
2013-06-29,20.34,300.38,298.1
2013-06-30,18.61,301.43,297.97
2013-07-01,2.72,303.45,298.33
2013-07-02,8.91,304.12,297.59
2013-07-03,7.25,302.21,297.95
2013-07-04,2.98,303.27,298.08
2013-07-05,1.97,303.72,297.96
2013-07-06,2.69,303.9,298.28
2013-07-07,6.58,303.01,297.65
2013-07-08,2.58,303.92,297.86
2013-07-09,4.04,304.67,297.59
2013-07-10,8.12,304.73,297.65
2013-07-11,13.23,303.27,298.64
2013-07-12,4.91,303.88,298.18
2013-07-13,7.99,303.67,298.35
2013-07-14,5.31,303.42,298.22
2013-07-15,9.04,301.79,298.29
2013-07-16,14.9,301.09,297.99
2013-07-17,5.34,302.35,297.78
2013-07-18,4.35,302.77,298.82
2013-07-19,10.2,303.22,298.02
2013-07-20,17.16,302.76,296.7
2013-07-21,19.03,301.66,297.71
2013-07-22,20.61,301.35,297.55
2013-07-23,16.76,300.42,297.6
2013-07-24,7.03,304.15,296.75
2013-07-25,7.86,304.48,296.73
2013-07-26,5.39,303.54,297.23
2013-07-27,10.12,302.36,297.3
2013-07-28,48.4,300.3,297.61
2013-07-29,22.04,302.29,297.45
2013-07-30,14.28,300.67,297.85
2013-07-31,38.51,300.54,297.91
2013-08-01,7.46,303.71,297.75
2013-08-02,10.37,303.95,298.36
2013-08-03,16.49,302.4,297.69
2013-08-04,32.82,301.45,297.82
2013-08-05,11.48,301.68,298.04
2013-08-06,7.92,301.57,297.95
2013-08-07,2.07,304.39,296.75
2013-08-08,8.63,302.17,297.34
2013-08-09,24.08,302.18,297.57
2013-08-10,10.09,301.75,298.07
2013-08-11,15.11,302.38,298.06
2013-08-12,33.5,300.15,298.1
2013-08-13,10.28,301.82,297.64
2013-08-14,0.0,303.49,298.0
2013-08-15,0.0,304.65,298.21
2013-08-16,10.4,303.09,298.33
2013-08-17,9.59,303.68,298.36
2013-08-18,10.77,302.5,298.64
2013-08-19,7.42,301.77,298.96
2013-08-20,9.11,301.9,298.84
2013-08-21,10.69,301.97,298.54
2013-08-22,11.19,302.8,298.77
2013-08-23,2.79,303.36,298.28
2013-08-24,29.78,300.47,297.79
2013-08-25,36.41,300.32,297.64
2013-08-26,26.45,300.86,297.54
2013-08-27,1.28,303.62,298.48
2013-08-28,1.75,303.88,298.44
2013-08-29,1.64,304.06,297.7
2013-08-30,0.62,304.41,297.16
2013-08-31,1.23,304.87,298.0
2013-09-01,0.95,304.59,298.46
2013-09-02,1.08,304.79,297.85
2013-09-03,2.21,304.12,296.88
2013-09-04,10.22,304.11,297.61
2013-09-05,11.44,303.39,297.57
2013-09-06,7.11,303.28,297.6
2013-09-07,4.36,303.76,297.61
2013-09-08,12.4,302.67,297.42
2013-09-09,10.46,301.68,298.18
2013-09-10,6.22,302.31,298.2
2013-09-11,15.0,302.67,297.93
2013-09-12,21.5,301.49,298.3
2013-09-13,2.68,304.16,297.74
2013-09-14,4.91,304.45,298.3
2013-09-15,10.53,302.96,298.59
2013-09-16,6.57,302.96,298.43
2013-09-17,8.82,301.71,298.63
2013-09-18,10.08,303.31,298.42
2013-09-19,21.65,302.45,298.96
2013-09-20,14.21,302.5,299.4
2013-09-21,16.56,302.99,298.86
2013-09-22,21.94,301.62,298.53
2013-09-23,17.0,302.93,298.52
2013-09-24,16.59,302.31,298.48
2013-09-25,6.14,302.9,298.48
2013-09-26,4.96,303.82,298.63
2013-09-27,4.97,303.83,298.17
2013-09-28,14.26,302.52,298.08
2013-09-29,5.94,303.15,298.48
2013-09-30,5.62,302.07,298.14
2013-10-01,7.27,301.55,297.55
2013-10-02,3.24,303.38,298.02
2013-10-03,11.87,303.65,298.2
2013-10-04,2.79,304.02,298.27
2013-10-05,3.68,303.82,298.26
2013-10-06,14.72,302.11,297.97
2013-10-07,2.64,302.05,297.57
2013-10-08,1.16,303.37,297.21
2013-10-09,5.62,303.58,297.28
2013-10-10,3.33,303.21,297.41
2013-10-11,4.5,303.89,298.08
2013-10-12,5.63,302.75,298.73
2013-10-13,14.14,302.6,298.15
2013-10-14,9.45,302.95,298.3
2013-10-15,5.47,303.42,298.06
2013-10-16,6.97,302.88,297.12
2013-10-17,4.24,302.26,297.73
2013-10-18,0.0,304.05,297.24
2013-10-19,4.96,303.59,297.6
2013-10-20,0.41,304.37,297.36
2013-10-21,3.06,304.15,297.73
2013-10-22,1.45,302.77,297.28
2013-10-23,4.89,303.42,296.74
2013-10-24,3.85,302.72,297.37
2013-10-25,1.85,303.81,297.33
2013-10-26,2.29,303.16,296.73
2013-10-27,2.12,301.67,297.69
2013-10-28,0.87,303.1,297.58
2013-10-29,0.0,303.2,297.79
2013-10-30,0.0,303.27,296.35
2013-10-31,0.67,302.66,295.63
2013-11-01,0.81,303.15,296.43
2013-11-02,3.67,303.88,297.06
2013-11-03,6.01,303.91,297.44
2013-11-04,7.71,301.87,298.09
2013-11-05,6.58,303.56,298.43
2013-11-06,0.92,304.12,298.3
2013-11-07,2.81,301.68,298.77
2013-11-08,98.84,299.64,298.15
2013-11-09,7.49,303.8,298.38
2013-11-10,0.71,303.89,298.17
2013-11-11,0.0,303.92,298.08
2013-11-12,3.22,300.67,298.24
2013-11-13,8.71,302.63,297.4
2013-11-14,1.05,304.16,297.2
2013-11-15,0.0,304.02,298.06
2013-11-16,1.04,303.04,297.44
2013-11-17,0.36,302.97,297.5
2013-11-18,0.4,303.03,297.69
2013-11-19,2.87,303.34,297.51
2013-11-20,1.96,302.18,297.65
2013-11-21,2.13,302.56,298.02
2013-11-22,2.93,302.47,297.93
2013-11-23,52.66,302.07,297.53
2013-11-24,0.62,303.37,297.24
2013-11-25,0.68,304.08,297.99
2013-11-26,1.8,302.9,297.87
2013-11-27,0.38,304.2,297.77
2013-11-28,2.76,302.79,297.82
2013-11-29,1.76,302.42,298.53
2013-11-30,1.12,301.93,298.26
2013-12-01,0.64,303.77,297.37
2013-12-02,0.14,303.22,297.72
2013-12-03,0.0,303.77,297.71
2013-12-04,0.0,303.15,298.0
2013-12-05,3.11,302.43,298.18
2013-12-06,16.96,302.66,297.78
2013-12-07,0.43,303.75,297.95
2013-12-08,0.22,303.84,297.98
2013-12-09,0.72,304.14,297.82
2013-12-10,0.88,303.65,297.5
2013-12-11,3.29,302.51,298.21
2013-12-12,0.0,303.38,298.45
2013-12-13,0.0,304.17,298.08
2013-12-14,1.19,303.2,298.61
2013-12-15,0.94,302.91,298.49
2013-12-16,2.51,303.35,297.83
2013-12-17,2.86,303.98,298.18
2013-12-18,2.22,303.96,297.56
2013-12-19,3.87,303.39,297.6
2013-12-20,0.59,303.51,297.67
2013-12-21,2.46,301.97,297.77
2013-12-22,2.92,302.57,297.84
2013-12-23,2.57,302.95,298.13
2013-12-24,1.87,302.94,298.03
2013-12-25,0.95,302.7,298.04
2013-12-26,1.02,303.78,298.07
2013-12-27,0.78,303.71,296.76
2013-12-28,0.9,302.43,297.91
2013-12-29,1.74,301.62,298.11
2013-12-30,1.87,301.72,298.11
2013-12-31,4.67,301.43,297.8
2014-01-01,0.5,301.63,297.89
2014-01-02,5.36,301.88,298.66
2014-01-03,0.12,302.55,298.38
2014-01-04,0.0,303.66,298.01
2014-01-05,0.0,301.72,298.12
2014-01-06,0.0,301.81,298.0
2014-01-07,0.0,301.56,298.2
2014-01-08,0.0,302.33,297.86
2014-01-09,1.22,301.05,298.21
2014-01-10,0.1,300.33,297.75
2014-01-11,14.76,298.85,297.4
2014-01-12,31.87,298.4,297.03
2014-01-13,15.93,299.07,297.47
2014-01-14,24.53,299.33,297.24
2014-01-15,0.0,301.17,297.9
2014-01-16,0.88,299.42,297.31
2014-01-17,5.04,298.78,296.92
2014-01-18,2.2,298.54,297.06
2014-01-19,1.11,298.05,296.73
2014-01-20,6.48,297.99,296.24
2014-01-21,3.68,299.18,296.55
2014-01-22,0.0,301.03,296.61
2014-01-23,0.0,299.92,296.79
2014-01-24,0.0,299.56,295.86
2014-01-25,0.0,300.02,294.61
2014-01-26,0.0,300.01,294.52
2014-01-27,0.0,300.47,295.99
2014-01-28,0.0,300.5,295.03
2014-01-29,0.0,301.86,296.12
2014-01-30,0.0,301.63,295.76
2014-01-31,0.88,300.57,295.73
2014-02-01,74.78,299.44,296.46
2014-02-02,0.0,301.29,295.62
2014-02-03,0.0,302.13,295.76
2014-02-04,0.0,303.16,296.21
2014-02-05,0.0,303.73,297.33
2014-02-06,0.0,303.37,297.87
2014-02-07,0.2,302.51,297.87
2014-02-08,0.81,301.97,297.89
2014-02-09,0.76,302.0,298.37
2014-02-10,0.43,302.46,298.14
2014-02-11,0.14,302.65,298.0
2014-02-12,0.36,301.59,297.45
2014-02-13,0.0,300.61,297.87
2014-02-14,0.0,302.02,297.4
2014-02-15,0.0,301.71,296.34
2014-02-16,0.0,303.1,296.3
2014-02-17,0.0,301.43,297.38
2014-02-18,0.0,301.38,296.71
2014-02-19,0.0,301.61,296.27
2014-02-20,0.0,301.81,297.12
2014-02-21,0.0,302.0,297.27
2014-02-22,0.55,300.19,296.72
2014-02-23,0.0,300.54,296.92
2014-02-24,0.0,300.94,296.86
2014-02-25,0.0,302.49,296.6
2014-02-26,0.0,302.36,296.77
2014-02-27,0.0,302.81,297.74
2014-02-28,0.0,302.57,297.56
2014-03-01,0.0,302.62,296.83
2014-03-02,0.0,303.1,297.63
2014-03-03,0.0,302.58,297.62
2014-03-04,0.0,302.96,297.33
2014-03-05,0.0,302.72,297.35
2014-03-06,0.0,302.04,297.28
2014-03-07,0.0,302.98,297.64
2014-03-08,0.0,302.71,297.47
2014-03-09,0.0,303.19,297.46
2014-03-10,0.0,302.8,297.82
2014-03-11,0.0,303.87,297.65
2014-03-12,2.71,301.88,298.94
2014-03-13,1.03,301.53,298.61
2014-03-14,10.3,303.1,298.87
2014-03-15,84.87,302.0,298.22
2014-03-16,0.0,302.07,298.39
2014-03-17,0.0,303.11,297.2
2014-03-18,0.0,303.12,297.87
2014-03-19,0.0,302.05,298.01
2014-03-20,0.0,303.89,297.53
2014-03-21,0.0,302.31,298.58
2014-03-22,0.0,302.72,298.64
2014-03-23,7.24,301.01,297.99
2014-03-24,3.72,303.03,298.42
2014-03-25,1.36,302.69,298.55
2014-03-26,0.48,303.97,298.71
2014-03-27,0.0,304.21,299.2
2014-03-28,0.21,303.06,298.87
2014-03-29,0.0,304.38,298.34
2014-03-30,0.0,303.54,298.54
2014-03-31,0.0,304.88,298.67
2014-04-01,0.0,305.22,298.25
2014-04-02,0.0,305.81,298.45
2014-04-03,0.0,304.65,298.79
2014-04-04,0.0,304.55,298.55
2014-04-05,0.0,305.41,298.44
2014-04-06,0.0,305.01,298.1
2014-04-07,0.0,305.03,298.35
2014-04-08,0.0,304.98,298.79
2014-04-09,0.0,304.28,298.27
2014-04-10,0.0,303.98,298.23
2014-04-11,0.0,304.66,298.61
2014-04-12,0.0,303.07,299.24
2014-04-13,10.75,301.32,299.27
2014-04-14,14.06,302.26,299.16
2014-04-15,61.14,300.73,298.85
2014-04-16,65.2,300.03,298.28
2014-04-17,0.11,303.76,297.81
2014-04-18,0.15,303.35,298.81
2014-04-19,0.37,303.69,299.1
2014-04-20,0.1,303.53,298.18
2014-04-21,0.0,304.65,298.63
2014-04-22,0.0,304.77,298.88
2014-04-23,44.33,300.77,298.73
2014-04-24,0.4,304.29,298.09
2014-04-25,0.37,305.3,299.12
2014-04-26,0.11,304.72,299.08
2014-04-27,0.21,305.3,299.39
2014-04-28,0.75,305.08,299.14
2014-04-29,0.44,305.09,298.65
2014-04-30,0.35,303.9,299.88
2014-05-01,0.95,304.29,300.03
2014-05-02,0.28,304.72,299.78
2014-05-03,0.43,304.51,299.8
2014-05-04,0.33,303.87,300.0
2014-05-05,0.0,305.91,299.21
2014-05-06,0.0,304.19,299.87
2014-05-07,0.21,304.84,299.85
2014-05-08,2.09,305.91,299.62
2014-05-09,3.91,304.76,299.27
2014-05-10,2.19,303.13,300.58
2014-05-11,0.69,305.7,300.2
2014-05-12,0.0,306.2,299.82
2014-05-13,4.42,305.37,299.87
2014-05-14,3.65,304.01,299.22
2014-05-15,1.15,303.8,299.0
2014-05-16,4.19,303.51,298.82
2014-05-17,0.64,304.31,299.85
2014-05-18,1.75,305.04,300.39
2014-05-19,2.19,305.13,300.41
2014-05-20,2.45,304.45,299.29
2014-05-21,8.07,303.77,299.9
2014-05-22,4.33,304.36,299.5
2014-05-23,2.63,304.77,299.64
2014-05-24,1.31,304.81,299.93
2014-05-25,6.6,302.7,299.77
2014-05-26,1.52,305.16,300.33
2014-05-27,2.33,305.43,300.35
2014-05-28,3.73,303.85,299.5
2014-05-29,3.4,303.72,299.2
2014-05-30,4.24,303.58,299.0
2014-05-31,12.78,304.18,299.34
2014-06-01,2.31,305.81,299.14
2014-06-02,6.15,303.89,300.03
2014-06-03,5.3,304.23,299.56
2014-06-04,1.02,303.95,301.18
2014-06-05,6.41,304.54,298.87
2014-06-06,7.82,302.38,299.71
2014-06-07,6.07,303.28,299.12
2014-06-08,1.39,305.01,299.22
2014-06-09,2.76,303.89,299.89
2014-06-10,15.89,302.63,300.1
2014-06-11,10.84,303.05,300.35
2014-06-12,23.94,302.69,299.77
2014-06-13,8.33,302.97,299.47
2014-06-14,8.77,302.16,299.73
2014-06-15,4.89,304.92,299.38
2014-06-16,6.04,303.38,299.71
2014-06-17,21.0,303.9,299.52
2014-06-18,10.64,301.77,298.89
2014-06-19,18.19,301.85,299.09
2014-06-20,17.58,302.53,298.77
2014-06-21,8.16,302.53,299.38
2014-06-22,14.07,302.8,298.62
2014-06-23,2.78,303.04,299.56
2014-06-24,5.25,303.76,300.23
2014-06-25,8.81,302.58,299.5
2014-06-26,7.45,301.64,298.93
2014-06-27,12.92,302.47,298.41
2014-06-28,20.34,301.73,298.99
2014-06-29,26.77,301.53,299.12
2014-06-30,17.98,301.27,298.96
2014-07-01,10.09,301.61,299.21
2014-07-02,6.93,301.07,299.45
2014-07-03,16.7,300.54,299.29
2014-07-04,15.33,301.05,298.95
2014-07-05,18.38,301.22,299.1
2014-07-06,17.14,301.09,299.3
2014-07-07,28.93,300.27,299.37
2014-07-08,43.73,300.6,299.12
2014-07-09,16.56,301.43,299.0
2014-07-10,16.31,301.51,299.04
2014-07-11,18.62,301.8,298.78
2014-07-12,15.06,302.36,298.58
2014-07-13,2.63,302.72,298.61
2014-07-14,6.89,302.59,299.34
2014-07-15,35.65,300.05,299.25
2014-07-16,16.48,300.99,298.55
2014-07-17,12.22,302.19,298.07
2014-07-18,4.82,302.55,299.55
2014-07-19,10.71,301.79,299.57
2014-07-20,58.89,300.49,298.74
2014-07-21,17.22,301.52,298.68
2014-07-22,7.96,302.19,298.45
2014-07-23,5.49,303.42,298.81
2014-07-24,9.36,302.68,298.66
2014-07-25,13.62,301.86,299.2
2014-07-26,11.96,301.08,298.22
2014-07-27,17.6,300.71,298.39
2014-07-28,17.41,300.9,298.98
2014-07-29,17.08,300.54,298.51
2014-07-30,12.78,301.4,298.55
2014-07-31,8.83,302.7,298.66
2014-08-01,6.84,302.35,298.94
2014-08-02,11.46,303.43,298.74
2014-08-03,4.97,303.11,298.66
2014-08-04,9.4,301.54,299.54
2014-08-05,6.2,301.08,299.87
2014-08-06,2.05,302.73,299.15
2014-08-07,0.47,303.07,299.99
2014-08-08,0.11,303.04,299.39
2014-08-09,0.0,303.08,299.74
2014-08-10,0.0,303.73,299.42
2014-08-11,0.0,303.85,299.25
2014-08-12,0.31,303.29,299.68
2014-08-13,5.25,303.04,299.42
2014-08-14,7.82,302.13,298.68
2014-08-15,11.26,301.85,299.27
2014-08-16,18.04,301.1,298.89
2014-08-17,26.35,300.75,298.93
2014-08-18,11.0,302.42,298.7
2014-08-19,2.66,302.78,298.54
2014-08-20,5.21,303.08,299.32
2014-08-21,16.0,301.99,298.83
2014-08-22,9.68,301.44,298.67
2014-08-23,4.27,302.16,298.88
2014-08-24,1.04,303.36,298.74
2014-08-25,0.0,302.95,298.34
2014-08-26,19.52,300.47,297.82
2014-08-27,0.64,302.97,298.55
2014-08-28,17.49,301.54,298.75
2014-08-29,13.85,300.84,298.63
2014-08-30,5.95,300.97,298.73
2014-08-31,6.56,301.5,298.39
2014-09-01,15.06,301.12,298.1
2014-09-02,11.08,302.44,299.25
2014-09-03,11.81,300.96,298.22
2014-09-04,34.84,300.22,298.51
2014-09-05,25.74,300.93,298.41
2014-09-06,19.03,301.65,298.49
2014-09-07,6.91,301.87,299.21
2014-09-08,22.65,300.34,298.58
2014-09-09,30.23,299.86,298.47
2014-09-10,5.0,302.24,298.41
2014-09-11,6.32,302.62,298.67
2014-09-12,7.0,302.16,299.65
2014-09-13,33.42,299.91,298.93
2014-09-14,29.42,300.62,298.47
2014-09-15,12.11,301.84,299.08
2014-09-16,10.52,302.11,298.35
2014-09-17,12.36,302.05,298.45
2014-09-18,45.48,300.05,298.4
2014-09-19,15.38,301.32,299.1
2014-09-20,0.0,303.14,299.95
2014-09-21,1.34,303.1,299.42
2014-09-22,2.52,302.72,299.15
2014-09-23,1.89,303.1,299.24
2014-09-24,0.84,303.21,299.2
2014-09-25,5.17,302.63,299.82
2014-09-26,4.89,302.11,299.02
2014-09-27,3.35,302.25,298.86
2014-09-28,0.84,302.82,298.37
2014-09-29,1.76,302.03,298.66
2014-09-30,6.68,302.93,299.9
2014-10-01,11.93,302.18,299.06
2014-10-02,3.87,301.8,298.89
2014-10-03,7.92,301.75,299.08
2014-10-04,10.98,301.52,298.89
2014-10-05,12.92,301.17,298.26
2014-10-06,13.84,301.77,298.66
2014-10-07,11.55,301.88,298.81
2014-10-08,12.07,300.98,298.94
2014-10-09,46.91,300.51,298.74
2014-10-10,58.67,300.34,298.87
2014-10-11,27.05,300.23,298.52
2014-10-12,2.37,301.38,298.36
2014-10-13,2.17,302.62,298.36
2014-10-14,0.47,302.81,298.82
2014-10-15,3.92,301.67,299.21
2014-10-16,10.36,300.55,298.68
2014-10-17,0.21,302.3,298.65
2014-10-18,1.04,302.69,298.8
2014-10-19,19.59,300.62,298.99
2014-10-20,2.5,302.06,298.19
2014-10-21,3.25,303.14,298.8
2014-10-22,2.6,302.82,298.68
2014-10-23,0.65,303.15,299.01
2014-10-24,0.5,302.47,298.99
2014-10-25,0.0,303.01,298.46
2014-10-26,2.99,302.32,298.96
2014-10-27,2.43,301.78,298.83
2014-10-28,0.41,302.78,298.9
2014-10-29,3.06,302.81,299.01
2014-10-30,2.39,301.67,299.1
2014-10-31,0.0,304.07,298.7
2014-11-01,1.23,302.42,299.18
2014-11-02,0.16,303.64,298.62
2014-11-03,0.74,302.71,299.05
2014-11-04,0.41,303.73,298.88
2014-11-05,0.0,302.85,299.05
2014-11-06,0.0,302.53,298.58
2014-11-07,0.0,302.7,297.95
2014-11-08,0.0,303.34,297.99
2014-11-09,0.23,302.99,297.91
2014-11-10,0.0,303.62,298.49
2014-11-11,0.0,302.57,298.86
2014-11-12,0.0,303.53,298.57
2014-11-13,0.0,303.11,298.83
2014-11-14,0.0,302.42,298.77
2014-11-15,1.04,303.09,298.76
2014-11-16,0.95,303.06,299.19
2014-11-17,1.61,302.85,298.77
2014-11-18,3.08,303.88,299.29
2014-11-19,0.18,303.2,299.18
2014-11-20,0.56,302.98,298.97
2014-11-21,1.06,303.77,298.97
2014-11-22,0.0,304.09,299.2
2014-11-23,0.87,303.53,299.55
2014-11-24,0.0,302.95,299.39
2014-11-25,0.82,302.43,299.06
2014-11-26,1.26,302.1,299.1
2014-11-27,42.04,301.08,299.37
2014-11-28,0.0,303.69,299.29
2014-11-29,11.94,300.99,298.94
2014-11-30,18.24,301.83,298.89
2014-12-01,0.0,302.96,298.8
2014-12-02,0.0,302.95,299.13
2014-12-03,0.0,302.47,299.07
2014-12-04,0.0,303.25,298.03
2014-12-05,0.1,302.59,299.02
2014-12-06,0.81,301.63,299.01
2014-12-07,34.42,299.5,297.97
2014-12-08,8.53,300.18,299.18
2014-12-09,1.76,302.21,297.94
2014-12-10,0.0,303.81,298.75
2014-12-11,0.0,303.12,298.83
2014-12-12,0.0,303.15,298.48
2014-12-13,1.58,302.49,298.66
2014-12-14,13.94,301.14,298.85
2014-12-15,0.11,303.18,299.0
2014-12-16,0.0,302.23,299.28
2014-12-17,1.06,301.9,299.38
2014-12-18,0.48,301.3,298.91
2014-12-19,16.54,300.41,298.46
2014-12-20,0.0,302.79,298.39
2014-12-21,0.0,302.7,298.66
2014-12-22,0.34,301.44,298.84
2014-12-23,0.0,302.49,299.19
2014-12-24,0.3,302.57,299.31
2014-12-25,0.12,301.68,299.05
2014-12-26,0.0,302.76,298.89
2014-12-27,0.0,301.98,298.94
2014-12-28,0.36,301.16,298.6
2014-12-29,23.58,299.56,298.26
2014-12-30,30.87,300.97,297.97
2014-12-31,1.2,302.65,298.87
2015-01-01,0.87,302.47,298.65
2015-01-02,1.17,301.27,298.14
2015-01-03,1.92,301.32,298.08
2015-01-04,0.15,301.75,297.94
2015-01-05,1.14,302.1,298.45
2015-01-06,0.0,302.77,297.77
2015-01-07,0.0,302.79,296.68
2015-01-08,0.52,300.99,297.49
2015-01-09,1.93,300.64,297.7
2015-01-10,0.0,301.32,296.96
2015-01-11,0.78,301.51,296.16
2015-01-12,0.12,300.87,297.07
2015-01-13,0.0,302.06,297.28
2015-01-14,1.29,302.45,297.38
2015-01-15,0.0,302.79,297.66
2015-01-16,0.0,302.36,297.17
2015-01-17,6.56,299.76,297.43
2015-01-18,0.0,302.29,297.05
2015-01-19,0.0,302.51,295.98
2015-01-20,0.29,302.14,297.68
2015-01-21,2.88,302.97,297.68
2015-01-22,7.03,302.6,297.17
2015-01-23,1.8,302.03,297.58
2015-01-24,3.75,299.87,298.09
2015-01-25,5.64,301.51,297.45
2015-01-26,0.63,301.23,297.86
2015-01-27,0.0,302.51,297.65
2015-01-28,0.32,302.93,297.68
2015-01-29,0.5,302.52,298.19
2015-01-30,0.38,302.08,297.56
2015-01-31,0.0,302.56,297.13
2015-02-01,2.14,300.69,297.06
2015-02-02,0.0,300.39,297.18
2015-02-03,0.0,301.4,297.01
2015-02-04,0.0,302.2,296.54
2015-02-05,0.0,302.08,296.14
2015-02-06,0.0,302.62,296.45
2015-02-07,0.0,303.38,296.4
2015-02-08,0.82,302.74,296.8
2015-02-09,0.0,301.83,297.01
2015-02-10,0.0,302.81,297.53
2015-02-11,0.0,302.72,297.21
2015-02-12,1.08,303.73,297.12
2015-02-13,1.48,302.96,297.3
2015-02-14,1.04,303.12,297.54
2015-02-15,0.95,303.6,298.11
2015-02-16,0.0,303.29,297.86
2015-02-17,0.0,303.3,297.44
2015-02-18,0.0,303.36,297.13
2015-02-19,0.0,303.78,297.29
2015-02-20,1.01,302.39,297.47
2015-02-21,0.0,302.81,297.06
2015-02-22,0.0,302.8,296.77
2015-02-23,0.0,302.78,296.15
2015-02-24,0.0,303.9,297.56
2015-02-25,0.0,303.42,297.48
2015-02-26,0.0,304.13,297.47
2015-02-27,0.11,304.3,298.01
2015-02-28,0.0,304.59,298.04
2015-03-01,0.0,304.59,298.05
2015-03-02,1.38,302.79,297.23
2015-03-03,0.0,304.15,297.47
2015-03-04,0.2,303.91,297.94
2015-03-05,0.0,305.0,297.94
2015-03-06,0.0,303.78,297.74
2015-03-07,0.12,304.24,297.97
2015-03-08,0.0,304.14,297.42
2015-03-09,0.0,304.19,297.17
2015-03-10,0.0,304.16,295.89
2015-03-11,0.0,304.64,296.94
2015-03-12,0.41,303.81,297.72
2015-03-13,0.0,304.59,297.57
2015-03-14,0.0,304.66,297.57
2015-03-15,0.0,305.09,297.84
2015-03-16,0.0,304.39,297.44
2015-03-17,0.0,304.44,295.94
2015-03-18,0.0,304.98,295.26
2015-03-19,0.0,304.31,295.76
2015-03-20,0.0,305.6,295.74
2015-03-21,0.0,304.78,296.8
2015-03-22,0.45,305.34,298.25
2015-03-23,0.0,305.56,298.39
2015-03-24,0.47,305.22,298.15
2015-03-25,0.0,306.07,298.6
2015-03-26,1.66,304.15,298.8
2015-03-27,0.83,305.04,298.72
2015-03-28,0.25,304.79,298.26
2015-03-29,0.0,304.67,298.37
2015-03-30,0.0,305.31,298.54
2015-03-31,0.26,306.38,298.87
2015-04-01,0.0,306.17,299.33
2015-04-02,0.0,305.99,298.32
2015-04-03,0.0,306.15,297.86
2015-04-04,0.12,305.74,297.22
2015-04-05,0.57,306.86,299.38
2015-04-06,0.0,307.24,299.3
2015-04-07,0.0,305.67,299.03
2015-04-08,0.32,304.69,298.53
2015-04-09,0.0,305.11,298.3
2015-04-10,0.12,305.17,298.27
2015-04-11,0.0,306.25,298.63
2015-04-12,0.0,305.73,298.64
2015-04-13,1.66,304.73,298.48
2015-04-14,4.03,305.06,298.89
2015-04-15,0.24,306.37,299.62
2015-04-16,0.11,306.46,299.29
2015-04-17,0.0,306.95,299.37
2015-04-18,0.85,307.24,299.32
2015-04-19,1.38,307.67,299.13
2015-04-20,0.52,306.63,299.34
2015-04-21,0.12,306.52,299.43
2015-04-22,0.0,307.48,299.66
2015-04-23,0.0,306.87,299.88
2015-04-24,0.0,306.15,299.52
2015-04-25,0.0,307.07,299.22
2015-04-26,0.26,306.37,298.89
2015-04-27,0.0,306.9,298.94
2015-04-28,3.44,305.99,298.79
2015-04-29,0.0,307.06,298.71
2015-04-30,2.24,306.14,298.68
2015-05-01,2.46,304.44,299.29
2015-05-02,7.21,303.87,299.23
2015-05-03,13.01,303.2,299.71
2015-05-04,3.93,304.4,298.74
2015-05-05,0.0,306.02,298.76
2015-05-06,0.0,306.2,297.7
2015-05-07,0.0,306.13,298.54
2015-05-08,1.05,306.08,297.3
2015-05-09,0.0,305.42,298.96
2015-05-10,0.44,305.8,299.26
2015-05-11,0.16,306.22,299.12
2015-05-12,0.37,306.96,299.8
2015-05-13,0.0,307.75,300.09
2015-05-14,0.0,307.42,300.15
2015-05-15,0.0,307.43,299.4
2015-05-16,0.44,306.53,298.97
2015-05-17,0.68,305.93,298.93
2015-05-18,0.0,306.75,300.15
2015-05-19,2.63,305.95,299.53
2015-05-20,0.0,306.84,299.59
2015-05-21,4.22,305.57,300.54
2015-05-22,0.21,305.94,299.84
2015-05-23,1.36,306.25,299.81
2015-05-24,2.44,304.74,299.7
2015-05-25,2.59,305.52,299.68
2015-05-26,2.15,306.63,299.34
2015-05-27,1.77,305.56,299.81
2015-05-28,0.13,306.23,298.81
2015-05-29,0.0,306.52,299.08
2015-05-30,0.37,306.55,300.03
2015-05-31,1.51,306.18,299.31
2015-06-01,5.24,305.35,299.77
2015-06-02,0.78,306.77,299.57
2015-06-03,2.0,305.44,299.36
2015-06-04,2.36,305.26,299.83
2015-06-05,3.64,304.93,299.01
2015-06-06,3.91,305.52,299.11
2015-06-07,1.45,305.75,299.84
2015-06-08,1.0,306.44,300.38
2015-06-09,5.51,305.59,299.86
2015-06-10,4.95,305.31,299.32
2015-06-11,6.37,305.87,298.83
2015-06-12,2.57,306.98,299.63
2015-06-13,2.35,305.36,299.62
2015-06-14,11.49,304.4,299.1
2015-06-15,9.11,306.18,299.02
2015-06-16,4.82,304.78,299.21
2015-06-17,12.93,304.32,299.46
2015-06-18,12.05,302.84,299.14
2015-06-19,18.21,301.86,298.52
2015-06-20,17.23,303.21,299.12
2015-06-21,21.11,302.23,298.81
2015-06-22,0.18,303.19,299.71
2015-06-23,10.47,303.65,299.46
2015-06-24,13.57,303.31,299.24
2015-06-25,16.41,302.59,298.65
2015-06-26,9.25,302.63,298.91
2015-06-27,5.4,303.31,298.78
2015-06-28,9.87,302.78,298.36
2015-06-29,12.33,301.94,298.81
2015-06-30,17.66,301.74,298.4
2015-07-01,24.74,301.79,298.7
2015-07-02,34.04,300.49,298.56
2015-07-03,45.59,300.0,298.98
2015-07-04,36.59,301.08,299.05
2015-07-05,38.44,301.1,298.74
2015-07-06,16.95,302.5,298.58
2015-07-07,7.37,302.57,298.72
2015-07-08,12.32,302.65,299.08
2015-07-09,27.46,301.22,298.93
2015-07-10,21.65,300.51,298.7
2015-07-11,7.52,303.17,298.7
2015-07-12,3.25,303.74,299.44
2015-07-13,1.08,304.54,299.66
2015-07-14,1.16,303.66,299.39
2015-07-15,1.09,303.92,299.58
2015-07-16,0.0,304.28,299.27
2015-07-17,0.0,304.1,299.36
2015-07-18,0.0,304.11,299.59
2015-07-19,0.0,303.37,298.51
2015-07-20,0.56,304.94,297.93
2015-07-21,6.38,303.42,298.57
2015-07-22,7.09,302.03,298.75
2015-07-23,9.98,303.13,297.82
2015-07-24,2.07,304.85,298.71
2015-07-25,2.36,303.9,297.78
2015-07-26,6.34,304.13,298.77
2015-07-27,7.38,302.58,298.44
2015-07-28,3.58,302.77,297.67
2015-07-29,8.62,302.74,298.41
2015-07-30,9.93,303.31,297.78
2015-07-31,5.04,301.95,298.14
2015-08-01,1.38,303.35,298.07
2015-08-02,16.71,302.43,298.27
2015-08-03,13.43,302.05,298.36
2015-08-04,10.43,302.38,298.43
2015-08-05,6.88,302.7,298.25
2015-08-06,30.74,300.87,298.68
2015-08-07,20.63,300.73,298.37
2015-08-08,14.73,300.81,298.67
2015-08-09,22.98,302.11,298.49
2015-08-10,0.45,303.88,298.96
2015-08-11,4.2,303.99,299.31
2015-08-12,5.9,304.1,298.68
2015-08-13,4.34,303.17,298.72
2015-08-14,9.27,303.31,298.73
2015-08-15,6.38,303.52,299.34
2015-08-16,6.31,303.03,298.87
2015-08-17,7.11,302.45,299.41
2015-08-18,5.11,302.79,298.47
2015-08-19,3.45,303.54,298.88
2015-08-20,8.32,301.55,298.95
2015-08-21,15.25,301.63,298.72
2015-08-22,15.38,301.56,299.1
2015-08-23,4.57,303.17,298.82
2015-08-24,0.46,304.05,299.51
2015-08-25,0.0,303.85,299.13
2015-08-26,0.0,304.43,298.74
2015-08-27,3.02,304.64,298.05
2015-08-28,10.05,302.49,298.05
2015-08-29,11.88,302.54,298.71
2015-08-30,5.9,303.92,298.55
2015-08-31,7.06,303.49,299.1
2015-09-01,9.21,302.63,298.47
2015-09-02,6.47,303.22,298.31
2015-09-03,3.19,303.14,298.45
2015-09-04,9.58,302.39,299.07
2015-09-05,16.95,302.51,298.06
2015-09-06,5.77,302.9,298.5
2015-09-07,5.47,302.56,298.6
2015-09-08,13.41,302.13,298.79
2015-09-09,12.25,303.08,298.89
2015-09-10,25.59,302.41,298.62
2015-09-11,8.1,301.88,298.5
2015-09-12,4.7,303.05,298.44
2015-09-13,20.61,302.36,298.49
2015-09-14,11.42,303.13,298.4
2015-09-15,11.34,303.42,298.26
2015-09-16,9.35,302.02,298.03
2015-09-17,14.83,302.32,298.61
2015-09-18,5.54,303.67,297.98
2015-09-19,8.49,302.15,298.87
2015-09-20,3.62,302.98,298.23
2015-09-21,6.34,302.99,298.25
2015-09-22,11.87,302.41,298.65
2015-09-23,8.74,302.38,298.57
2015-09-24,9.71,302.29,298.71
2015-09-25,18.64,301.64,298.81
2015-09-26,18.45,301.17,298.19
2015-09-27,10.7,302.07,298.9
2015-09-28,8.53,302.5,299.06
2015-09-29,3.2,303.75,299.01
2015-09-30,13.07,303.14,298.77
2015-10-01,11.2,301.86,297.79
2015-10-02,5.52,303.25,298.91
2015-10-03,0.0,304.34,297.97
2015-10-04,3.66,301.6,298.64
2015-10-05,0.35,303.53,298.17
2015-10-06,3.85,303.09,298.48
2015-10-07,9.25,302.99,298.5
2015-10-08,2.24,303.04,297.64
2015-10-09,1.04,303.68,297.89
2015-10-10,2.34,303.41,298.49
2015-10-11,3.61,303.47,299.17
2015-10-12,0.89,304.23,297.99
